{"timestamp":21/06/2023 19:15:05,{
  "dbr_per_inv": 112.13007732840987,
  "dollars_per_inv": 8.797704353987749
}},