{"timestamp":21/06/2023 19:15:06,{
  "y": 9525011.396638425,
  "q": 2332217.2903200076,
  "m": 732451.4718909494,
  "w": 138260.38654604126
}},