{"timestamp":21/06/2023 19:27:32,{
  "y": 9525011.397396186,
  "q": 2332217.2918095198,
  "m": 732451.4733303698,
  "w": 138260.3871851594
}},