{"timestamp":21/06/2023 19:27:32,{
  "earn": 1141873.6680643335,
  "burn": -455842.46183238964
}},