{"timestamp":22/06/2023 14:17:48,{
  "WETH": {
    "tvl": 186583.666366327
  },
  "stETH": {
    "tvl": 86558.12817969744
  },
  "gOHM": {
    "tvl": 2196216.856122408
  },
  "CRV": {
    "tvl": 16191371.811959622
  },
  "cvxCRV": {
    "tvl": 10923228.849955156
  },
  "INV": {
    "tvl": 3431380.6331143957
  }
}},