{"timestamp":05/06/2023 23:19:00,{
  "WETH": {
    "tvl": 186397.49740814415
  },
  "stETH": {
    "tvl": 70596.44263143788
  },
  "gOHM": {
    "tvl": 1206204.5561966796
  },
  "CRV": {
    "tvl": 5580404.818785234
  },
  "cvxCRV": {
    "tvl": 4992576.187678866
  },
  "INV": {
    "tvl": 3125075.328424522
  }
}},